,1,2,3,4,5,6,7,8,9,10,11,12,13,14,15,16,17,18,19,20,21,22,23,24,25,26,27,28,29,30,31,32,33,34,35,36,37,38,39,40,41,42,43,44,45,46,47,48,49,50
01가0785,45가7155,45가7155,45가7155,45가7155,45가7155,45가7155,45가7155,45가7155,45가7155,45가7155,45가7155,45가7155,45가7155,45가7155,45가7155,45가7155,45가7155,45가7155,45가7155,45가7155,45가7155,45가7155,45가7155,45가7155,45가7155,45가7155,45가7155,45가7155,45가7155,45가7155,45가7155,45가7155,45가7155,45가7155,45가7155,45가7155,45가7155,45가7155,45가7155,45가7155,45가7155,45가7155,45가7155,45가7155,45가7155,45가7155,45가7155,45가7155,45가7155,45가7155
01가0865,49168,49168,49168,49168,49168,49168,49168,49168,49168,49168,49168,49168,49168,49168,49168,49168,49168,49168,49168,49168,49168,49168,49168,49168,49168,49168,49168,49168,49168,49168,49168,49168,49168,49168,49168,49168,49168,49168,49168,49168,49168,49168,49168,49168,49168,49168,49168,49168,49168,49168
01가1134,40가2165,40가2165,40가2165,40가2165,40가2165,40가2165,40가2165,40가2165,40가2165,40가2165,40가2165,40가2165,40가2165,40가2165,40가2165,40가2165,40가2165,40가2165,40가2165,40가2165,40가2165,40가2165,40가2165,40가2165,40가2165,40가2165,40가2165,40가2165,40가2165,40가2165,40가2165,40가2165,40가2165,40가2165,40가2165,40가2165,40가2165,40가2165,40가2165,40가2165,40가2165,40가2165,40가2165,40가2165,40가2165,40가2165,40가2165,40가2165,40가2165,40가2165
01가1134_2,56조2708,56조2708,56조2708,56조2708,56조2708,56조2708,56조2708,56조2708,56조2708,56조2708,56조2708,56조2708,56조2708,56조2708,56조2708,56조2708,56조2708,56조2708,56조2708,56조2708,56조2708,56조2708,56조2708,56조2708,56조2708,56조2708,56조2708,56조2708,56조2708,56조2708,56조2708,56조2708,56조2708,56조2708,56조2708,56조2708,56조2708,56조2708,56조2708,56조2708,56조2708,56조2708,56조2708,56조2708,56조2708,56조2708,56조2708,56조2708,56조2708,56조2708
01가1134_3,,,,,,,,,,,,,,,,,,,,,,,,,,,,,,,,,,,,,,,,,,,,,,,,,,
01가1134_4,46저158,46저158,46저158,46저158,46저158,46저158,46저158,46저158,46저158,46저158,46저158,46저158,46저158,46저158,46저158,46저158,46저158,46저158,46저158,46저158,46저158,46저158,46저158,46저158,46저158,46저158,46저158,46저158,46저158,46저158,46저158,46저158,46저158,46저158,46저158,46저158,46저158,46저158,46저158,46저158,46저158,46저158,46저158,46저158,46저158,46저158,46저158,46저158,46저158,46저158
01가1134_5,,,,,,,,,,,,,,,,,,,,,,,,,,,,,,,,,,,,,,,,,,,,,,,,,,
01가1366,36가1188,36가1188,36가1188,36가1188,36가1188,36가1188,36가1188,36가1188,36가1188,36가1188,36가1188,36가1188,36가1188,36가1188,36가1188,36가1188,36가1188,36가1188,36가1188,36가1188,36가1188,36가1188,36가1188,36가1188,36가1188,36가1188,36가1188,36가1188,36가1188,36가1188,36가1188,36가1188,36가1188,36가1188,36가1188,36가1188,36가1188,36가1188,36가1188,36가1188,36가1188,36가1188,36가1188,36가1188,36가1188,36가1188,36가1188,36가1188,36가1188,36가1188
01가1366_2,36조1105,36조1105,36조1105,36조1105,36조1105,36조1105,36조1105,36조1105,36조1105,36조1105,36조1105,36조1105,36조1105,36조1105,36조1105,36조1105,36조1105,36조1105,36조1105,36조1105,36조1105,36조1105,36조1105,36조1105,36조1105,36조1105,36조1105,36조1105,36조1105,36조1105,36조1105,36조1105,36조1105,36조1105,36조1105,36조1105,36조1105,36조1105,36조1105,36조1105,36조1105,36조1105,36조1105,36조1105,36조1105,36조1105,36조1105,36조1105,36조1105,36조1105
01가1705,36168,36168,36168,36168,36168,36168,36168,36168,36168,36168,36168,36168,36168,36168,36168,36168,36168,36168,36168,36168,36168,36168,36168,36168,36168,36168,36168,36168,36168,36168,36168,36168,36168,36168,36168,36168,36168,36168,36168,36168,36168,36168,36168,36168,36168,36168,36168,36168,36168,36168
01가2178,01가2170,01가2170,01가2170,01가2170,01가2170,01가2170,01가2170,01가2170,01가2170,01가2170,01가2170,01가2170,01가2170,01가2170,01가2170,01가2170,01가2170,01가2170,01가2170,01가2170,01가2170,01가2170,01가2170,01가2170,01가2170,01가2170,01가2170,01가2170,01가2170,01가2170,01가2170,01가2170,01가2170,01가2170,01가2170,01가2170,01가2170,01가2170,01가2170,01가2170,01가2170,01가2170,01가2170,01가2170,01가2170,01가2170,01가2170,01가2170,01가2170,01가2170
01가2178_2,43두0488,43두0488,43두0488,43두0488,43두0488,43두0488,43두0488,43두0488,43두0488,43두0488,43두0488,43두0488,43두0488,43두0488,43두0488,43두0488,43두0488,43두0488,43두0488,43두0488,43두0488,43두0488,43두0488,43두0488,43두0488,43두0488,43두0488,43두0488,43두0488,43두0488,43두0488,43두0488,43두0488,43두0488,43두0488,43두0488,43두0488,43두0488,43두0488,43두0488,43두0488,43두0488,43두0488,43두0488,43두0488,43두0488,43두0488,43두0488,43두0488,43두0488
01가2178_3,50155,50155,50155,50155,50155,50155,50155,50155,50155,50155,50155,50155,50155,50155,50155,50155,50155,50155,50155,50155,50155,50155,50155,50155,50155,50155,50155,50155,50155,50155,50155,50155,50155,50155,50155,50155,50155,50155,50155,50155,50155,50155,50155,50155,50155,50155,50155,50155,50155,50155
01가2178_4,43158,43158,43158,43158,43158,43158,43158,43158,43158,43158,43158,43158,43158,43158,43158,43158,43158,43158,43158,43158,43158,43158,43158,43158,43158,43158,43158,43158,43158,43158,43158,43158,43158,43158,43158,43158,43158,43158,43158,43158,43158,43158,43158,43158,43158,43158,43158,43158,43158,43158
01가2178_5,40부0188,40부0188,40부0188,40부0188,40부0188,40부0188,40부0188,40부0188,40부0188,40부0188,40부0188,40부0188,40부0188,40부0188,40부0188,40부0188,40부0188,40부0188,40부0188,40부0188,40부0188,40부0188,40부0188,40부0188,40부0188,40부0188,40부0188,40부0188,40부0188,40부0188,40부0188,40부0188,40부0188,40부0188,40부0188,40부0188,40부0188,40부0188,40부0188,40부0188,40부0188,40부0188,40부0188,40부0188,40부0188,40부0188,40부0188,40부0188,40부0188,40부0188
01가2178_6,40저105,40저105,40저105,40저105,40저105,40저105,40저105,40저105,40저105,40저105,40저105,40저105,40저105,40저105,40저105,40저105,40저105,40저105,40저105,40저105,40저105,40저105,40저105,40저105,40저105,40저105,40저105,40저105,40저105,40저105,40저105,40저105,40저105,40저105,40저105,40저105,40저105,40저105,40저105,40저105,40저105,40저105,40저105,40저105,40저105,40저105,40저105,40저105,40저105,40저105
01가2178_7,01가2178,01가2178,01가2178,01가2178,01가2178,01가2178,01가2178,01가2178,01가2178,01가2178,01가2178,01가2178,01가2178,01가2178,01가2178,01가2178,01가2178,01가2178,01가2178,01가2178,01가2178,01가2178,01가2178,01가2178,01가2178,01가2178,01가2178,01가2178,01가2178,01가2178,01가2178,01가2178,01가2178,01가2178,01가2178,01가2178,01가2178,01가2178,01가2178,01가2178,01가2178,01가2178,01가2178,01가2178,01가2178,01가2178,01가2178,01가2178,01가2178,01가2178
01가2178_8,01가2178,01가2178,01가2178,01가2178,01가2178,01가2178,01가2178,01가2178,01가2178,01가2178,01가2178,01가2178,01가2178,01가2178,01가2178,01가2178,01가2178,01가2178,01가2178,01가2178,01가2178,01가2178,01가2178,01가2178,01가2178,01가2178,01가2178,01가2178,01가2178,01가2178,01가2178,01가2178,01가2178,01가2178,01가2178,01가2178,01가2178,01가2178,01가2178,01가2178,01가2178,01가2178,01가2178,01가2178,01가2178,01가2178,01가2178,01가2178,01가2178,01가2178
01가2246,46108,46108,46108,46108,46108,46108,46108,46108,46108,46108,46108,46108,46108,46108,46108,46108,46108,46108,46108,46108,46108,46108,46108,46108,46108,46108,46108,46108,46108,46108,46108,46108,46108,46108,46108,46108,46108,46108,46108,46108,46108,46108,46108,46108,46108,46108,46108,46108,46108,46108
01가2319,40가1702,40가1702,40가1702,40가1702,40가1702,40가1702,40가1702,40가1702,40가1702,40가1702,40가1702,40가1702,40가1702,40가1702,40가1702,40가1702,40가1702,40가1702,40가1702,40가1702,40가1702,40가1702,40가1702,40가1702,40가1702,40가1702,40가1702,40가1702,40가1702,40가1702,40가1702,40가1702,40가1702,40가1702,40가1702,40가1702,40가1702,40가1702,40가1702,40가1702,40가1702,40가1702,40가1702,40가1702,40가1702,40가1702,40가1702,40가1702,40가1702,40가1702
01가2319_2,355두128,355두128,355두128,355두128,355두128,355두128,355두128,355두128,355두128,355두128,355두128,355두128,355두128,355두128,355두128,355두128,355두128,355두128,355두128,355두128,355두128,355두128,355두128,355두128,355두128,355두128,355두128,355두128,355두128,355두128,355두128,355두128,355두128,355두128,355두128,355두128,355두128,355두128,355두128,355두128,355두128,355두128,355두128,355두128,355두128,355두128,355두128,355두128,355두128,355두128
01가2512,36가1158,36가1158,36가1158,36가1158,36가1158,36가1158,36가1158,36가1158,36가1158,36가1158,36가1158,36가1158,36가1158,36가1158,36가1158,36가1158,36가1158,36가1158,36가1158,36가1158,36가1158,36가1158,36가1158,36가1158,36가1158,36가1158,36가1158,36가1158,36가1158,36가1158,36가1158,36가1158,36가1158,36가1158,36가1158,36가1158,36가1158,36가1158,36가1158,36가1158,36가1158,36가1158,36가1158,36가1158,36가1158,36가1158,36가1158,36가1158,36가1158,36가1158
01가2525,,,,,,,,,,,,,,,,,,,,,,,,,,,,,,,,,,,,,,,,,,,,,,,,,,
01가2636,47조1158,47조1158,47조1158,47조1158,47조1158,47조1158,47조1158,47조1158,47조1158,47조1158,47조1158,47조1158,47조1158,47조1158,47조1158,47조1158,47조1158,47조1158,47조1158,47조1158,47조1158,47조1158,47조1158,47조1158,47조1158,47조1158,47조1158,47조1158,47조1158,47조1158,47조1158,47조1158,47조1158,47조1158,47조1158,47조1158,47조1158,47조1158,47조1158,47조1158,47조1158,47조1158,47조1158,47조1158,47조1158,47조1158,47조1158,47조1158,47조1158,47조1158
01가3005,46조168,46조168,46조168,46조168,46조168,46조168,46조168,46조168,46조168,46조168,46조168,46조168,46조168,46조168,46조168,46조168,46조168,46조168,46조168,46조168,46조168,46조168,46조168,46조168,46조168,46조168,46조168,46조168,46조168,46조168,46조168,46조168,46조168,46조168,46조168,46조168,46조168,46조168,46조168,46조168,46조168,46조168,46조168,46조168,46조168,46조168,46조168,46조168,46조168,46조168
01가3042,46가182,46가182,46가182,46가182,46가182,46가182,46가182,46가182,46가182,46가182,46가182,46가182,46가182,46가182,46가182,46가182,46가182,46가182,46가182,46가182,46가182,46가182,46가182,46가182,46가182,46가182,46가182,46가182,46가182,46가182,46가182,46가182,46가182,46가182,46가182,46가182,46가182,46가182,46가182,46가182,46가182,46가182,46가182,46가182,46가182,46가182,46가182,46가182,46가182,46가182
01가3315,,,,,,,,,,,,,,,,,,,,,,,,,,,,,,,,,,,,,,,,,,,,,,,,,,
01가3372,38조2101,38조2101,38조2101,38조2101,38조2101,38조2101,38조2101,38조2101,38조2101,38조2101,38조2101,38조2101,38조2101,38조2101,38조2101,38조2101,38조2101,38조2101,38조2101,38조2101,38조2101,38조2101,38조2101,38조2101,38조2101,38조2101,38조2101,38조2101,38조2101,38조2101,38조2101,38조2101,38조2101,38조2101,38조2101,38조2101,38조2101,38조2101,38조2101,38조2101,38조2101,38조2101,38조2101,38조2101,38조2101,38조2101,38조2101,38조2101,38조2101,38조2101
01가3372_2,401108,401108,401108,401108,401108,401108,401108,401108,401108,401108,401108,401108,401108,401108,401108,401108,401108,401108,401108,401108,401108,401108,401108,401108,401108,401108,401108,401108,401108,401108,401108,401108,401108,401108,401108,401108,401108,401108,401108,401108,401108,401108,401108,401108,401108,401108,401108,401108,401108,401108
01가3372_3,38조0108,38조0108,38조0108,38조0108,38조0108,38조0108,38조0108,38조0108,38조0108,38조0108,38조0108,38조0108,38조0108,38조0108,38조0108,38조0108,38조0108,38조0108,38조0108,38조0108,38조0108,38조0108,38조0108,38조0108,38조0108,38조0108,38조0108,38조0108,38조0108,38조0108,38조0108,38조0108,38조0108,38조0108,38조0108,38조0108,38조0108,38조0108,38조0108,38조0108,38조0108,38조0108,38조0108,38조0108,38조0108,38조0108,38조0108,38조0108,38조0108,38조0108
01가3435,40로168,40로168,40로168,40로168,40로168,40로168,40로168,40로168,40로168,40로168,40로168,40로168,40로168,40로168,40로168,40로168,40로168,40로168,40로168,40로168,40로168,40로168,40로168,40로168,40로168,40로168,40로168,40로168,40로168,40로168,40로168,40로168,40로168,40로168,40로168,40로168,40로168,40로168,40로168,40로168,40로168,40로168,40로168,40로168,40로168,40로168,40로168,40로168,40로168,40로168
01다1168,46두1705,46두1705,46두1705,46두1705,46두1705,46두1705,46두1705,46두1705,46두1705,46두1705,46두1705,46두1705,46두1705,46두1705,46두1705,46두1705,46두1705,46두1705,46두1705,46두1705,46두1705,46두1705,46두1705,46두1705,46두1705,46두1705,46두1705,46두1705,46두1705,46두1705,46두1705,46두1705,46두1705,46두1705,46두1705,46두1705,46두1705,46두1705,46두1705,46두1705,46두1705,46두1705,46두1705,46두1705,46두1705,46두1705,46두1705,46두1705,46두1705,46두1705
01다2040,01나2040,01나2040,01나2040,01나2040,01나2040,01나2040,01나2040,01나2040,01나2040,01나2040,01나2040,01나2040,01나2040,01나2040,01나2040,01나2040,01나2040,01나2040,01나2040,01나2040,01나2040,01나2040,01나2040,01나2040,01나2040,01나2040,01나2040,01나2040,01나2040,01나2040,01나2040,01나2040,01나2040,01나2040,01나2040,01나2040,01나2040,01나2040,01나2040,01나2040,01나2040,01나2040,01나2040,01나2040,01나2040,01나2040,01나2040,01나2040,01나2040,01나2040
01다2048,01다2048,01다2048,01다2048,01다2048,01다2048,01다2048,01다2048,01다2048,01다2048,01다2048,01다2048,01다2048,01다2048,01다2048,01다2048,01다2048,01다2048,01다2048,01다2048,01다2048,01다2048,01다2048,01다2048,01다2048,01다2048,01다2048,01다2048,01다2048,01다2048,01다2048,01다2048,01다2048,01다2048,01다2048,01다2048,01다2048,01다2048,01다2048,01다2048,01다2048,01다2048,01다2048,01다2048,01다2048,01다2048,01다2048,01다2048,01다2048,01다2048,01다2048
01다2269,40조8108,40조8108,40조8108,40조8108,40조8108,40조8108,40조8108,40조8108,40조8108,40조8108,40조8108,40조8108,40조8108,40조8108,40조8108,40조8108,40조8108,40조8108,40조8108,40조8108,40조8108,40조8108,40조8108,40조8108,40조8108,40조8108,40조8108,40조8108,40조8108,40조8108,40조8108,40조8108,40조8108,40조8108,40조8108,40조8108,40조8108,40조8108,40조8108,40조8108,40조8108,40조8108,40조8108,40조8108,40조8108,40조8108,40조8108,40조8108,40조8108,40조8108
01더3538,01더3538,01더3538,01더3538,01더3538,01더3538,01더3538,01더3538,01더3538,01더3538,01더3538,01더3538,01더3538,01더3538,01더3538,01더3538,01더3538,01더3538,01더3538,01더3538,01더3538,01더3538,01더3538,01더3538,01더3538,01더3538,01더3538,01더3538,01더3538,01더3538,01더3538,01더3538,01더3538,01더3538,01더3538,01더3538,01더3538,01더3538,01더3538,01더3538,01더3538,01더3538,01더3538,01더3538,01더3538,01더3538,01더3538,01더3538,01더3538,01더3538,01더3538
01더3774,38가1408,38가1408,38가1408,38가1408,38가1408,38가1408,38가1408,38가1408,38가1408,38가1408,38가1408,38가1408,38가1408,38가1408,38가1408,38가1408,38가1408,38가1408,38가1408,38가1408,38가1408,38가1408,38가1408,38가1408,38가1408,38가1408,38가1408,38가1408,38가1408,38가1408,38가1408,38가1408,38가1408,38가1408,38가1408,38가1408,38가1408,38가1408,38가1408,38가1408,38가1408,38가1408,38가1408,38가1408,38가1408,38가1408,38가1408,38가1408,38가1408,38가1408
01더5687,89두0188,89두0188,89두0188,89두0188,89두0188,89두0188,89두0188,89두0188,89두0188,89두0188,89두0188,89두0188,89두0188,89두0188,89두0188,89두0188,89두0188,89두0188,89두0188,89두0188,89두0188,89두0188,89두0188,89두0188,89두0188,89두0188,89두0188,89두0188,89두0188,89두0188,89두0188,89두0188,89두0188,89두0188,89두0188,89두0188,89두0188,89두0188,89두0188,89두0188,89두0188,89두0188,89두0188,89두0188,89두0188,89두0188,89두0188,89두0188,89두0188,89두0188
01더5687_2,85누9998,85누9998,85누9998,85누9998,85누9998,85누9998,85누9998,85누9998,85누9998,85누9998,85누9998,85누9998,85누9998,85누9998,85누9998,85누9998,85누9998,85누9998,85누9998,85누9998,85누9998,85누9998,85누9998,85누9998,85누9998,85누9998,85누9998,85누9998,85누9998,85누9998,85누9998,85누9998,85누9998,85누9998,85누9998,85누9998,85누9998,85누9998,85누9998,85누9998,85누9998,85누9998,85누9998,85누9998,85누9998,85누9998,85누9998,85누9998,85누9998,85누9998
01더5687_3,89부0905,89부0905,89부0905,89부0905,89부0905,89부0905,89부0905,89부0905,89부0905,89부0905,89부0905,89부0905,89부0905,89부0905,89부0905,89부0905,89부0905,89부0905,89부0905,89부0905,89부0905,89부0905,89부0905,89부0905,89부0905,89부0905,89부0905,89부0905,89부0905,89부0905,89부0905,89부0905,89부0905,89부0905,89부0905,89부0905,89부0905,89부0905,89부0905,89부0905,89부0905,89부0905,89부0905,89부0905,89부0905,89부0905,89부0905,89부0905,89부0905,89부0905
01더6704,90188,90188,90188,90188,90188,90188,90188,90188,90188,90188,90188,90188,90188,90188,90188,90188,90188,90188,90188,90188,90188,90188,90188,90188,90188,90188,90188,90188,90188,90188,90188,90188,90188,90188,90188,90188,90188,90188,90188,90188,90188,90188,90188,90188,90188,90188,90188,90188,90188,90188
01도3715,45누168,45누168,45누168,45누168,45누168,45누168,45누168,45누168,45누168,45누168,45누168,45누168,45누168,45누168,45누168,45누168,45누168,45누168,45누168,45누168,45누168,45누168,45누168,45누168,45누168,45누168,45누168,45누168,45누168,45누168,45누168,45누168,45누168,45누168,45누168,45누168,45누168,45누168,45누168,45누168,45누168,45누168,45누168,45누168,45누168,45누168,45누168,45누168,45누168,45누168
01도3791,430181,430181,430181,430181,430181,430181,430181,430181,430181,430181,430181,430181,430181,430181,430181,430181,430181,430181,430181,430181,430181,430181,430181,430181,430181,430181,430181,430181,430181,430181,430181,430181,430181,430181,430181,430181,430181,430181,430181,430181,430181,430181,430181,430181,430181,430181,430181,430181,430181,430181
01도3879,40저1108,40저1108,40저1108,40저1108,40저1108,40저1108,40저1108,40저1108,40저1108,40저1108,40저1108,40저1108,40저1108,40저1108,40저1108,40저1108,40저1108,40저1108,40저1108,40저1108,40저1108,40저1108,40저1108,40저1108,40저1108,40저1108,40저1108,40저1108,40저1108,40저1108,40저1108,40저1108,40저1108,40저1108,40저1108,40저1108,40저1108,40저1108,40저1108,40저1108,40저1108,40저1108,40저1108,40저1108,40저1108,40저1108,40저1108,40저1108,40저1108,40저1108
01도4456,85보8788,85보8788,85보8788,85보8788,85보8788,85보8788,85보8788,85보8788,85보8788,85보8788,85보8788,85보8788,85보8788,85보8788,85보8788,85보8788,85보8788,85보8788,85보8788,85보8788,85보8788,85보8788,85보8788,85보8788,85보8788,85보8788,85보8788,85보8788,85보8788,85보8788,85보8788,85보8788,85보8788,85보8788,85보8788,85보8788,85보8788,85보8788,85보8788,85보8788,85보8788,85보8788,85보8788,85보8788,85보8788,85보8788,85보8788,85보8788,85보8788,85보8788
01도6225,45가1108,45가1108,45가1108,45가1108,45가1108,45가1108,45가1108,45가1108,45가1108,45가1108,45가1108,45가1108,45가1108,45가1108,45가1108,45가1108,45가1108,45가1108,45가1108,45가1108,45가1108,45가1108,45가1108,45가1108,45가1108,45가1108,45가1108,45가1108,45가1108,45가1108,45가1108,45가1108,45가1108,45가1108,45가1108,45가1108,45가1108,45가1108,45가1108,45가1108,45가1108,45가1108,45가1108,45가1108,45가1108,45가1108,45가1108,45가1108,45가1108,45가1108
01도8872,45888,45888,45888,45888,45888,45888,45888,45888,45888,45888,45888,45888,45888,45888,45888,45888,45888,45888,45888,45888,45888,45888,45888,45888,45888,45888,45888,45888,45888,45888,45888,45888,45888,45888,45888,45888,45888,45888,45888,45888,45888,45888,45888,45888,45888,45888,45888,45888,45888,45888
01도9251,339368,339368,339368,339368,339368,339368,339368,339368,339368,339368,339368,339368,339368,339368,339368,339368,339368,339368,339368,339368,339368,339368,339368,339368,339368,339368,339368,339368,339368,339368,339368,339368,339368,339368,339368,339368,339368,339368,339368,339368,339368,339368,339368,339368,339368,339368,339368,339368,339368,339368
01도9773,39저365,39저365,39저365,39저365,39저365,39저365,39저365,39저365,39저365,39저365,39저365,39저365,39저365,39저365,39저365,39저365,39저365,39저365,39저365,39저365,39저365,39저365,39저365,39저365,39저365,39저365,39저365,39저365,39저365,39저365,39저365,39저365,39저365,39저365,39저365,39저365,39저365,39저365,39저365,39저365,39저365,39저365,39저365,39저365,39저365,39저365,39저365,39저365,39저365,39저365
01도9773_2,46저365,46저365,46저365,46저365,46저365,46저365,46저365,46저365,46저365,46저365,46저365,46저365,46저365,46저365,46저365,46저365,46저365,46저365,46저365,46저365,46저365,46저365,46저365,46저365,46저365,46저365,46저365,46저365,46저365,46저365,46저365,46저365,46저365,46저365,46저365,46저365,46저365,46저365,46저365,46저365,46저365,46저365,46저365,46저365,46저365,46저365,46저365,46저365,46저365,46저365
01두1316,01두1316,01두1316,01두1316,01두1316,01두1316,01두1316,01두1316,01두1316,01두1316,01두1316,01두1316,01두1316,01두1316,01두1316,01두1316,01두1316,01두1316,01두1316,01두1316,01두1316,01두1316,01두1316,01두1316,01두1316,01두1316,01두1316,01두1316,01두1316,01두1316,01두1316,01두1316,01두1316,01두1316,01두1316,01두1316,01두1316,01두1316,01두1316,01두1316,01두1316,01두1316,01두1316,01두1316,01두1316,01두1316,01두1316,01두1316,01두1316,01두1316,01두1316
01두1316_2,36저1185,36저1185,36저1185,36저1185,36저1185,36저1185,36저1185,36저1185,36저1185,36저1185,36저1185,36저1185,36저1185,36저1185,36저1185,36저1185,36저1185,36저1185,36저1185,36저1185,36저1185,36저1185,36저1185,36저1185,36저1185,36저1185,36저1185,36저1185,36저1185,36저1185,36저1185,36저1185,36저1185,36저1185,36저1185,36저1185,36저1185,36저1185,36저1185,36저1185,36저1185,36저1185,36저1185,36저1185,36저1185,36저1185,36저1185,36저1185,36저1185,36저1185
01두1316_3,36가2468,36가2468,36가2468,36가2468,36가2468,36가2468,36가2468,36가2468,36가2468,36가2468,36가2468,36가2468,36가2468,36가2468,36가2468,36가2468,36가2468,36가2468,36가2468,36가2468,36가2468,36가2468,36가2468,36가2468,36가2468,36가2468,36가2468,36가2468,36가2468,36가2468,36가2468,36가2468,36가2468,36가2468,36가2468,36가2468,36가2468,36가2468,36가2468,36가2468,36가2468,36가2468,36가2468,36가2468,36가2468,36가2468,36가2468,36가2468,36가2468,36가2468
01두1879,45가1188,45가1188,45가1188,45가1188,45가1188,45가1188,45가1188,45가1188,45가1188,45가1188,45가1188,45가1188,45가1188,45가1188,45가1188,45가1188,45가1188,45가1188,45가1188,45가1188,45가1188,45가1188,45가1188,45가1188,45가1188,45가1188,45가1188,45가1188,45가1188,45가1188,45가1188,45가1188,45가1188,45가1188,45가1188,45가1188,45가1188,45가1188,45가1188,45가1188,45가1188,45가1188,45가1188,45가1188,45가1188,45가1188,45가1188,45가1188,45가1188,45가1188
01두4260,40조2105,40조2105,40조2105,40조2105,40조2105,40조2105,40조2105,40조2105,40조2105,40조2105,40조2105,40조2105,40조2105,40조2105,40조2105,40조2105,40조2105,40조2105,40조2105,40조2105,40조2105,40조2105,40조2105,40조2105,40조2105,40조2105,40조2105,40조2105,40조2105,40조2105,40조2105,40조2105,40조2105,40조2105,40조2105,40조2105,40조2105,40조2105,40조2105,40조2105,40조2105,40조2105,40조2105,40조2105,40조2105,40조2105,40조2105,40조2105,40조2105,40조2105
01두4770,40저108,40저108,40저108,40저108,40저108,40저108,40저108,40저108,40저108,40저108,40저108,40저108,40저108,40저108,40저108,40저108,40저108,40저108,40저108,40저108,40저108,40저108,40저108,40저108,40저108,40저108,40저108,40저108,40저108,40저108,40저108,40저108,40저108,40저108,40저108,40저108,40저108,40저108,40저108,40저108,40저108,40저108,40저108,40저108,40저108,40저108,40저108,40저108,40저108,40저108
01두4997,40조1108,40조1108,40조1108,40조1108,40조1108,40조1108,40조1108,40조1108,40조1108,40조1108,40조1108,40조1108,40조1108,40조1108,40조1108,40조1108,40조1108,40조1108,40조1108,40조1108,40조1108,40조1108,40조1108,40조1108,40조1108,40조1108,40조1108,40조1108,40조1108,40조1108,40조1108,40조1108,40조1108,40조1108,40조1108,40조1108,40조1108,40조1108,40조1108,40조1108,40조1108,40조1108,40조1108,40조1108,40조1108,40조1108,40조1108,40조1108,40조1108,40조1108
01두5193,경기2아1131,경기2아1131,경기2아1131,경기2아1131,경기2아1131,경기2아1131,경기2아1131,경기2아1131,경기2아1131,경기2아1131,경기2아1131,경기2아1131,경기2아1131,경기2아1131,경기2아1131,경기2아1131,경기2아1131,경기2아1131,경기2아1131,경기2아1131,경기2아1131,경기2아1131,경기2아1131,경기2아1131,경기2아1131,경기2아1131,경기2아1131,경기2아1131,경기2아1131,경기2아1131,경기2아1131,경기2아1131,경기2아1131,경기2아1131,경기2아1131,경기2아1131,경기2아1131,경기2아1131,경기2아1131,경기2아1131,경기2아1131,경기2아1131,경기2아1131,경기2아1131,경기2아1131,경기2아1131,경기2아1131,경기2아1131,경기2아1131,경기2아1131
01두5635,40108,40108,40108,40108,40108,40108,40108,40108,40108,40108,40108,40108,40108,40108,40108,40108,40108,40108,40108,40108,40108,40108,40108,40108,40108,40108,40108,40108,40108,40108,40108,40108,40108,40108,40108,40108,40108,40108,40108,40108,40108,40108,40108,40108,40108,40108,40108,40108,40108,40108
01두5635_2,43566,43566,43566,43566,43566,43566,43566,43566,43566,43566,43566,43566,43566,43566,43566,43566,43566,43566,43566,43566,43566,43566,43566,43566,43566,43566,43566,43566,43566,43566,43566,43566,43566,43566,43566,43566,43566,43566,43566,43566,43566,43566,43566,43566,43566,43566,43566,43566,43566,43566
01두5635_3,363188,363188,363188,363188,363188,363188,363188,363188,363188,363188,363188,363188,363188,363188,363188,363188,363188,363188,363188,363188,363188,363188,363188,363188,363188,363188,363188,363188,363188,363188,363188,363188,363188,363188,363188,363188,363188,363188,363188,363188,363188,363188,363188,363188,363188,363188,363188,363188,363188,363188
01두5824,40가1188,40가1188,40가1188,40가1188,40가1188,40가1188,40가1188,40가1188,40가1188,40가1188,40가1188,40가1188,40가1188,40가1188,40가1188,40가1188,40가1188,40가1188,40가1188,40가1188,40가1188,40가1188,40가1188,40가1188,40가1188,40가1188,40가1188,40가1188,40가1188,40가1188,40가1188,40가1188,40가1188,40가1188,40가1188,40가1188,40가1188,40가1188,40가1188,40가1188,40가1188,40가1188,40가1188,40가1188,40가1188,40가1188,40가1188,40가1188,40가1188,40가1188
01두9433,48저668,48저668,48저668,48저668,48저668,48저668,48저668,48저668,48저668,48저668,48저668,48저668,48저668,48저668,48저668,48저668,48저668,48저668,48저668,48저668,48저668,48저668,48저668,48저668,48저668,48저668,48저668,48저668,48저668,48저668,48저668,48저668,48저668,48저668,48저668,48저668,48저668,48저668,48저668,48저668,48저668,48저668,48저668,48저668,48저668,48저668,48저668,48저668,48저668,48저668
01두9734,49가668,49가668,49가668,49가668,49가668,49가668,49가668,49가668,49가668,49가668,49가668,49가668,49가668,49가668,49가668,49가668,49가668,49가668,49가668,49가668,49가668,49가668,49가668,49가668,49가668,49가668,49가668,49가668,49가668,49가668,49가668,49가668,49가668,49가668,49가668,49가668,49가668,49가668,49가668,49가668,49가668,49가668,49가668,49가668,49가668,49가668,49가668,49가668,49가668,49가668
01버0273,850188,850188,850188,850188,850188,850188,850188,850188,850188,850188,850188,850188,850188,850188,850188,850188,850188,850188,850188,850188,850188,850188,850188,850188,850188,850188,850188,850188,850188,850188,850188,850188,850188,850188,850188,850188,850188,850188,850188,850188,850188,850188,850188,850188,850188,850188,850188,850188,850188,850188
01버0502,46도185,46도185,46도185,46도185,46도185,46도185,46도185,46도185,46도185,46도185,46도185,46도185,46도185,46도185,46도185,46도185,46도185,46도185,46도185,46도185,46도185,46도185,46도185,46도185,46도185,46도185,46도185,46도185,46도185,46도185,46도185,46도185,46도185,46도185,46도185,46도185,46도185,46도185,46도185,46도185,46도185,46도185,46도185,46도185,46도185,46도185,46도185,46도185,46도185,46도185
01버0603,06가1177,06가1177,06가1177,06가1177,06가1177,06가1177,06가1177,06가1177,06가1177,06가1177,06가1177,06가1177,06가1177,06가1177,06가1177,06가1177,06가1177,06가1177,06가1177,06가1177,06가1177,06가1177,06가1177,06가1177,06가1177,06가1177,06가1177,06가1177,06가1177,06가1177,06가1177,06가1177,06가1177,06가1177,06가1177,06가1177,06가1177,06가1177,06가1177,06가1177,06가1177,06가1177,06가1177,06가1177,06가1177,06가1177,06가1177,06가1177,06가1177,06가1177
01버0626,89168,89168,89168,89168,89168,89168,89168,89168,89168,89168,89168,89168,89168,89168,89168,89168,89168,89168,89168,89168,89168,89168,89168,89168,89168,89168,89168,89168,89168,89168,89168,89168,89168,89168,89168,89168,89168,89168,89168,89168,89168,89168,89168,89168,89168,89168,89168,89168,89168,89168
01버0626_2,26조182,26조182,26조182,26조182,26조182,26조182,26조182,26조182,26조182,26조182,26조182,26조182,26조182,26조182,26조182,26조182,26조182,26조182,26조182,26조182,26조182,26조182,26조182,26조182,26조182,26조182,26조182,26조182,26조182,26조182,26조182,26조182,26조182,26조182,26조182,26조182,26조182,26조182,26조182,26조182,26조182,26조182,26조182,26조182,26조182,26조182,26조182,26조182,26조182,26조182
01버0626_3,40188,40188,40188,40188,40188,40188,40188,40188,40188,40188,40188,40188,40188,40188,40188,40188,40188,40188,40188,40188,40188,40188,40188,40188,40188,40188,40188,40188,40188,40188,40188,40188,40188,40188,40188,40188,40188,40188,40188,40188,40188,40188,40188,40188,40188,40188,40188,40188,40188,40188
01버0626_4,46두168,46두168,46두168,46두168,46두168,46두168,46두168,46두168,46두168,46두168,46두168,46두168,46두168,46두168,46두168,46두168,46두168,46두168,46두168,46두168,46두168,46두168,46두168,46두168,46두168,46두168,46두168,46두168,46두168,46두168,46두168,46두168,46두168,46두168,46두168,46두168,46두168,46두168,46두168,46두168,46두168,46두168,46두168,46두168,46두168,46두168,46두168,46두168,46두168,46두168
01버0626_5,40168,40168,40168,40168,40168,40168,40168,40168,40168,40168,40168,40168,40168,40168,40168,40168,40168,40168,40168,40168,40168,40168,40168,40168,40168,40168,40168,40168,40168,40168,40168,40168,40168,40168,40168,40168,40168,40168,40168,40168,40168,40168,40168,40168,40168,40168,40168,40168,40168,40168
01버1529,40768,40768,40768,40768,40768,40768,40768,40768,40768,40768,40768,40768,40768,40768,40768,40768,40768,40768,40768,40768,40768,40768,40768,40768,40768,40768,40768,40768,40768,40768,40768,40768,40768,40768,40768,40768,40768,40768,40768,40768,40768,40768,40768,40768,40768,40768,40768,40768,40768,40768
01버3058,40로168,40로168,40로168,40로168,40로168,40로168,40로168,40로168,40로168,40로168,40로168,40로168,40로168,40로168,40로168,40로168,40로168,40로168,40로168,40로168,40로168,40로168,40로168,40로168,40로168,40로168,40로168,40로168,40로168,40로168,40로168,40로168,40로168,40로168,40로168,40로168,40로168,40로168,40로168,40로168,40로168,40로168,40로168,40로168,40로168,40로168,40로168,40로168,40로168,40로168
01버9277,461162,461162,461162,461162,461162,461162,461162,461162,461162,461162,461162,461162,461162,461162,461162,461162,461162,461162,461162,461162,461162,461162,461162,461162,461162,461162,461162,461162,461162,461162,461162,461162,461162,461162,461162,461162,461162,461162,461162,461162,461162,461162,461162,461162,461162,461162,461162,461162,461162,461162
01보1622,01보1622,01보1622,01보1622,01보1622,01보1622,01보1622,01보1622,01보1622,01보1622,01보1622,01보1622,01보1622,01보1622,01보1622,01보1622,01보1622,01보1622,01보1622,01보1622,01보1622,01보1622,01보1622,01보1622,01보1622,01보1622,01보1622,01보1622,01보1622,01보1622,01보1622,01보1622,01보1622,01보1622,01보1622,01보1622,01보1622,01보1622,01보1622,01보1622,01보1622,01보1622,01보1622,01보1622,01보1622,01보1622,01보1622,01보1622,01보1622,01보1622,01보1622
01보1926,45가7185,45가7185,45가7185,45가7185,45가7185,45가7185,45가7185,45가7185,45가7185,45가7185,45가7185,45가7185,45가7185,45가7185,45가7185,45가7185,45가7185,45가7185,45가7185,45가7185,45가7185,45가7185,45가7185,45가7185,45가7185,45가7185,45가7185,45가7185,45가7185,45가7185,45가7185,45가7185,45가7185,45가7185,45가7185,45가7185,45가7185,45가7185,45가7185,45가7185,45가7185,45가7185,45가7185,45가7185,45가7185,45가7185,45가7185,45가7185,45가7185,45가7185
01보1926_2,40저7701,40저7701,40저7701,40저7701,40저7701,40저7701,40저7701,40저7701,40저7701,40저7701,40저7701,40저7701,40저7701,40저7701,40저7701,40저7701,40저7701,40저7701,40저7701,40저7701,40저7701,40저7701,40저7701,40저7701,40저7701,40저7701,40저7701,40저7701,40저7701,40저7701,40저7701,40저7701,40저7701,40저7701,40저7701,40저7701,40저7701,40저7701,40저7701,40저7701,40저7701,40저7701,40저7701,40저7701,40저7701,40저7701,40저7701,40저7701,40저7701,40저7701
01보1926_3,85조7105,85조7105,85조7105,85조7105,85조7105,85조7105,85조7105,85조7105,85조7105,85조7105,85조7105,85조7105,85조7105,85조7105,85조7105,85조7105,85조7105,85조7105,85조7105,85조7105,85조7105,85조7105,85조7105,85조7105,85조7105,85조7105,85조7105,85조7105,85조7105,85조7105,85조7105,85조7105,85조7105,85조7105,85조7105,85조7105,85조7105,85조7105,85조7105,85조7105,85조7105,85조7105,85조7105,85조7105,85조7105,85조7105,85조7105,85조7105,85조7105,85조7105
01보1926_4,80188,80188,80188,80188,80188,80188,80188,80188,80188,80188,80188,80188,80188,80188,80188,80188,80188,80188,80188,80188,80188,80188,80188,80188,80188,80188,80188,80188,80188,80188,80188,80188,80188,80188,80188,80188,80188,80188,80188,80188,80188,80188,80188,80188,80188,80188,80188,80188,80188,80188
01보4457,50구7468,50구7468,50구7468,50구7468,50구7468,50구7468,50구7468,50구7468,50구7468,50구7468,50구7468,50구7468,50구7468,50구7468,50구7468,50구7468,50구7468,50구7468,50구7468,50구7468,50구7468,50구7468,50구7468,50구7468,50구7468,50구7468,50구7468,50구7468,50구7468,50구7468,50구7468,50구7468,50구7468,50구7468,50구7468,50구7468,50구7468,50구7468,50구7468,50구7468,50구7468,50구7468,50구7468,50구7468,50구7468,50구7468,50구7468,50구7468,50구7468,50구7468
01보5049,40가1188,40가1188,40가1188,40가1188,40가1188,40가1188,40가1188,40가1188,40가1188,40가1188,40가1188,40가1188,40가1188,40가1188,40가1188,40가1188,40가1188,40가1188,40가1188,40가1188,40가1188,40가1188,40가1188,40가1188,40가1188,40가1188,40가1188,40가1188,40가1188,40가1188,40가1188,40가1188,40가1188,40가1188,40가1188,40가1188,40가1188,40가1188,40가1188,40가1188,40가1188,40가1188,40가1188,40가1188,40가1188,40가1188,40가1188,40가1188,40가1188,40가1188
01보5804,40저1158,40저1158,40저1158,40저1158,40저1158,40저1158,40저1158,40저1158,40저1158,40저1158,40저1158,40저1158,40저1158,40저1158,40저1158,40저1158,40저1158,40저1158,40저1158,40저1158,40저1158,40저1158,40저1158,40저1158,40저1158,40저1158,40저1158,40저1158,40저1158,40저1158,40저1158,40저1158,40저1158,40저1158,40저1158,40저1158,40저1158,40저1158,40저1158,40저1158,40저1158,40저1158,40저1158,40저1158,40저1158,40저1158,40저1158,40저1158,40저1158,40저1158
01보5804_2,43두1105,43두1105,43두1105,43두1105,43두1105,43두1105,43두1105,43두1105,43두1105,43두1105,43두1105,43두1105,43두1105,43두1105,43두1105,43두1105,43두1105,43두1105,43두1105,43두1105,43두1105,43두1105,43두1105,43두1105,43두1105,43두1105,43두1105,43두1105,43두1105,43두1105,43두1105,43두1105,43두1105,43두1105,43두1105,43두1105,43두1105,43두1105,43두1105,43두1105,43두1105,43두1105,43두1105,43두1105,43두1105,43두1105,43두1105,43두1105,43두1105,43두1105
01보5804_3,40가1158,40가1158,40가1158,40가1158,40가1158,40가1158,40가1158,40가1158,40가1158,40가1158,40가1158,40가1158,40가1158,40가1158,40가1158,40가1158,40가1158,40가1158,40가1158,40가1158,40가1158,40가1158,40가1158,40가1158,40가1158,40가1158,40가1158,40가1158,40가1158,40가1158,40가1158,40가1158,40가1158,40가1158,40가1158,40가1158,40가1158,40가1158,40가1158,40가1158,40가1158,40가1158,40가1158,40가1158,40가1158,40가1158,40가1158,40가1158,40가1158,40가1158
01보5804_4,경기다0341,경기다0341,경기다0341,경기다0341,경기다0341,경기다0341,경기다0341,경기다0341,경기다0341,경기다0341,경기다0341,경기다0341,경기다0341,경기다0341,경기다0341,경기다0341,경기다0341,경기다0341,경기다0341,경기다0341,경기다0341,경기다0341,경기다0341,경기다0341,경기다0341,경기다0341,경기다0341,경기다0341,경기다0341,경기다0341,경기다0341,경기다0341,경기다0341,경기다0341,경기다0341,경기다0341,경기다0341,경기다0341,경기다0341,경기다0341,경기다0341,경기다0341,경기다0341,경기다0341,경기다0341,경기다0341,경기다0341,경기다0341,경기다0341,경기다0341
01보6063,40저7188,40저7188,40저7188,40저7188,40저7188,40저7188,40저7188,40저7188,40저7188,40저7188,40저7188,40저7188,40저7188,40저7188,40저7188,40저7188,40저7188,40저7188,40저7188,40저7188,40저7188,40저7188,40저7188,40저7188,40저7188,40저7188,40저7188,40저7188,40저7188,40저7188,40저7188,40저7188,40저7188,40저7188,40저7188,40저7188,40저7188,40저7188,40저7188,40저7188,40저7188,40저7188,40저7188,40저7188,40저7188,40저7188,40저7188,40저7188,40저7188,40저7188
01보7379,40조8105,40조8105,40조8105,40조8105,40조8105,40조8105,40조8105,40조8105,40조8105,40조8105,40조8105,40조8105,40조8105,40조8105,40조8105,40조8105,40조8105,40조8105,40조8105,40조8105,40조8105,40조8105,40조8105,40조8105,40조8105,40조8105,40조8105,40조8105,40조8105,40조8105,40조8105,40조8105,40조8105,40조8105,40조8105,40조8105,40조8105,40조8105,40조8105,40조8105,40조8105,40조8105,40조8105,40조8105,40조8105,40조8105,40조8105,40조8105,40조8105,40조8105
01보9445,3저765,3저765,3저765,3저765,3저765,3저765,3저765,3저765,3저765,3저765,3저765,3저765,3저765,3저765,3저765,3저765,3저765,3저765,3저765,3저765,3저765,3저765,3저765,3저765,3저765,3저765,3저765,3저765,3저765,3저765,3저765,3저765,3저765,3저765,3저765,3저765,3저765,3저765,3저765,3저765,3저765,3저765,3저765,3저765,3저765,3저765,3저765,3저765,3저765,3저765
01보9445_2,01보9445,01보9445,01보9445,01보9445,01보9445,01보9445,01보9445,01보9445,01보9445,01보9445,01보9445,01보9445,01보9445,01보9445,01보9445,01보9445,01보9445,01보9445,01보9445,01보9445,01보9445,01보9445,01보9445,01보9445,01보9445,01보9445,01보9445,01보9445,01보9445,01보9445,01보9445,01보9445,01보9445,01보9445,01보9445,01보9445,01보9445,01보9445,01보9445,01보9445,01보9445,01보9445,01보9445,01보9445,01보9445,01보9445,01보9445,01보9445,01보9445,01보9445
01보9701,40저668,40저668,40저668,40저668,40저668,40저668,40저668,40저668,40저668,40저668,40저668,40저668,40저668,40저668,40저668,40저668,40저668,40저668,40저668,40저668,40저668,40저668,40저668,40저668,40저668,40저668,40저668,40저668,40저668,40저668,40저668,40저668,40저668,40저668,40저668,40저668,40저668,40저668,40저668,40저668,40저668,40저668,40저668,40저668,40저668,40저668,40저668,40저668,40저668,40저668
01부1607,30가1168,30가1168,30가1168,30가1168,30가1168,30가1168,30가1168,30가1168,30가1168,30가1168,30가1168,30가1168,30가1168,30가1168,30가1168,30가1168,30가1168,30가1168,30가1168,30가1168,30가1168,30가1168,30가1168,30가1168,30가1168,30가1168,30가1168,30가1168,30가1168,30가1168,30가1168,30가1168,30가1168,30가1168,30가1168,30가1168,30가1168,30가1168,30가1168,30가1168,30가1168,30가1168,30가1168,30가1168,30가1168,30가1168,30가1168,30가1168,30가1168,30가1168
01부1607_2,01구6607,01구6607,01구6607,01구6607,01구6607,01구6607,01구6607,01구6607,01구6607,01구6607,01구6607,01구6607,01구6607,01구6607,01구6607,01구6607,01구6607,01구6607,01구6607,01구6607,01구6607,01구6607,01구6607,01구6607,01구6607,01구6607,01구6607,01구6607,01구6607,01구6607,01구6607,01구6607,01구6607,01구6607,01구6607,01구6607,01구6607,01구6607,01구6607,01구6607,01구6607,01구6607,01구6607,01구6607,01구6607,01구6607,01구6607,01구6607,01구6607,01구6607
01부1700,40두2105,40두2105,40두2105,40두2105,40두2105,40두2105,40두2105,40두2105,40두2105,40두2105,40두2105,40두2105,40두2105,40두2105,40두2105,40두2105,40두2105,40두2105,40두2105,40두2105,40두2105,40두2105,40두2105,40두2105,40두2105,40두2105,40두2105,40두2105,40두2105,40두2105,40두2105,40두2105,40두2105,40두2105,40두2105,40두2105,40두2105,40두2105,40두2105,40두2105,40두2105,40두2105,40두2105,40두2105,40두2105,40두2105,40두2105,40두2105,40두2105,40두2105
01부1700_2,01부1700,01부1700,01부1700,01부1700,01부1700,01부1700,01부1700,01부1700,01부1700,01부1700,01부1700,01부1700,01부1700,01부1700,01부1700,01부1700,01부1700,01부1700,01부1700,01부1700,01부1700,01부1700,01부1700,01부1700,01부1700,01부1700,01부1700,01부1700,01부1700,01부1700,01부1700,01부1700,01부1700,01부1700,01부1700,01부1700,01부1700,01부1700,01부1700,01부1700,01부1700,01부1700,01부1700,01부1700,01부1700,01부1700,01부1700,01부1700,01부1700,01부1700
01부2363,38다6661,38다6661,38다6661,38다6661,38다6661,38다6661,38다6661,38다6661,38다6661,38다6661,38다6661,38다6661,38다6661,38다6661,38다6661,38다6661,38다6661,38다6661,38다6661,38다6661,38다6661,38다6661,38다6661,38다6661,38다6661,38다6661,38다6661,38다6661,38다6661,38다6661,38다6661,38다6661,38다6661,38다6661,38다6661,38다6661,38다6661,38다6661,38다6661,38다6661,38다6661,38다6661,38다6661,38다6661,38다6661,38다6661,38다6661,38다6661,38다6661,38다6661
01부2415,01부2415,01부2415,01부2415,01부2415,01부2415,01부2415,01부2415,01부2415,01부2415,01부2415,01부2415,01부2415,01부2415,01부2415,01부2415,01부2415,01부2415,01부2415,01부2415,01부2415,01부2415,01부2415,01부2415,01부2415,01부2415,01부2415,01부2415,01부2415,01부2415,01부2415,01부2415,01부2415,01부2415,01부2415,01부2415,01부2415,01부2415,01부2415,01부2415,01부2415,01부2415,01부2415,01부2415,01부2415,01부2415,01부2415,01부2415,01부2415,01부2415,01부2415
01부2415_2,091755,091755,091755,091755,091755,091755,091755,091755,091755,091755,091755,091755,091755,091755,091755,091755,091755,091755,091755,091755,091755,091755,091755,091755,091755,091755,091755,091755,091755,091755,091755,091755,091755,091755,091755,091755,091755,091755,091755,091755,091755,091755,091755,091755,091755,091755,091755,091755,091755,091755
01부2415_3,01부2415,01부2415,01부2415,01부2415,01부2415,01부2415,01부2415,01부2415,01부2415,01부2415,01부2415,01부2415,01부2415,01부2415,01부2415,01부2415,01부2415,01부2415,01부2415,01부2415,01부2415,01부2415,01부2415,01부2415,01부2415,01부2415,01부2415,01부2415,01부2415,01부2415,01부2415,01부2415,01부2415,01부2415,01부2415,01부2415,01부2415,01부2415,01부2415,01부2415,01부2415,01부2415,01부2415,01부2415,01부2415,01부2415,01부2415,01부2415,01부2415,01부2415
01부2415_4,38가7168,38가7168,38가7168,38가7168,38가7168,38가7168,38가7168,38가7168,38가7168,38가7168,38가7168,38가7168,38가7168,38가7168,38가7168,38가7168,38가7168,38가7168,38가7168,38가7168,38가7168,38가7168,38가7168,38가7168,38가7168,38가7168,38가7168,38가7168,38가7168,38가7168,38가7168,38가7168,38가7168,38가7168,38가7168,38가7168,38가7168,38가7168,38가7168,38가7168,38가7168,38가7168,38가7168,38가7168,38가7168,38가7168,38가7168,38가7168,38가7168,38가7168
01부4041,86두2188,86두2188,86두2188,86두2188,86두2188,86두2188,86두2188,86두2188,86두2188,86두2188,86두2188,86두2188,86두2188,86두2188,86두2188,86두2188,86두2188,86두2188,86두2188,86두2188,86두2188,86두2188,86두2188,86두2188,86두2188,86두2188,86두2188,86두2188,86두2188,86두2188,86두2188,86두2188,86두2188,86두2188,86두2188,86두2188,86두2188,86두2188,86두2188,86두2188,86두2188,86두2188,86두2188,86두2188,86두2188,86두2188,86두2188,86두2188,86두2188,86두2188
01부4041_2,90가7488,90가7488,90가7488,90가7488,90가7488,90가7488,90가7488,90가7488,90가7488,90가7488,90가7488,90가7488,90가7488,90가7488,90가7488,90가7488,90가7488,90가7488,90가7488,90가7488,90가7488,90가7488,90가7488,90가7488,90가7488,90가7488,90가7488,90가7488,90가7488,90가7488,90가7488,90가7488,90가7488,90가7488,90가7488,90가7488,90가7488,90가7488,90가7488,90가7488,90가7488,90가7488,90가7488,90가7488,90가7488,90가7488,90가7488,90가7488,90가7488,90가7488
01부4156,26두1105,26두1105,26두1105,26두1105,26두1105,26두1105,26두1105,26두1105,26두1105,26두1105,26두1105,26두1105,26두1105,26두1105,26두1105,26두1105,26두1105,26두1105,26두1105,26두1105,26두1105,26두1105,26두1105,26두1105,26두1105,26두1105,26두1105,26두1105,26두1105,26두1105,26두1105,26두1105,26두1105,26두1105,26두1105,26두1105,26두1105,26두1105,26두1105,26두1105,26두1105,26두1105,26두1105,26두1105,26두1105,26두1105,26두1105,26두1105,26두1105,26두1105
01부4156_10,40무1861,40무1861,40무1861,40무1861,40무1861,40무1861,40무1861,40무1861,40무1861,40무1861,40무1861,40무1861,40무1861,40무1861,40무1861,40무1861,40무1861,40무1861,40무1861,40무1861,40무1861,40무1861,40무1861,40무1861,40무1861,40무1861,40무1861,40무1861,40무1861,40무1861,40무1861,40무1861,40무1861,40무1861,40무1861,40무1861,40무1861,40무1861,40무1861,40무1861,40무1861,40무1861,40무1861,40무1861,40무1861,40무1861,40무1861,40무1861,40무1861,40무1861
01부4156_11,,,,,,,,,,,,,,,,,,,,,,,,,,,,,,,,,,,,,,,,,,,,,,,,,,
01부4156_2,,,,,,,,,,,,,,,,,,,,,,,,,,,,,,,,,,,,,,,,,,,,,,,,,,
01부4156_3,43101,43101,43101,43101,43101,43101,43101,43101,43101,43101,43101,43101,43101,43101,43101,43101,43101,43101,43101,43101,43101,43101,43101,43101,43101,43101,43101,43101,43101,43101,43101,43101,43101,43101,43101,43101,43101,43101,43101,43101,43101,43101,43101,43101,43101,43101,43101,43101,43101,43101
01부4156_4,43101,43101,43101,43101,43101,43101,43101,43101,43101,43101,43101,43101,43101,43101,43101,43101,43101,43101,43101,43101,43101,43101,43101,43101,43101,43101,43101,43101,43101,43101,43101,43101,43101,43101,43101,43101,43101,43101,43101,43101,43101,43101,43101,43101,43101,43101,43101,43101,43101,43101
01부4156_5,40두1867,40두1867,40두1867,40두1867,40두1867,40두1867,40두1867,40두1867,40두1867,40두1867,40두1867,40두1867,40두1867,40두1867,40두1867,40두1867,40두1867,40두1867,40두1867,40두1867,40두1867,40두1867,40두1867,40두1867,40두1867,40두1867,40두1867,40두1867,40두1867,40두1867,40두1867,40두1867,40두1867,40두1867,40두1867,40두1867,40두1867,40두1867,40두1867,40두1867,40두1867,40두1867,40두1867,40두1867,40두1867,40두1867,40두1867,40두1867,40두1867,40두1867
01부4156_6,40가101,40가101,40가101,40가101,40가101,40가101,40가101,40가101,40가101,40가101,40가101,40가101,40가101,40가101,40가101,40가101,40가101,40가101,40가101,40가101,40가101,40가101,40가101,40가101,40가101,40가101,40가101,40가101,40가101,40가101,40가101,40가101,40가101,40가101,40가101,40가101,40가101,40가101,40가101,40가101,40가101,40가101,40가101,40가101,40가101,40가101,40가101,40가101,40가101,40가101
01부4156_7,40부1102,40부1102,40부1102,40부1102,40부1102,40부1102,40부1102,40부1102,40부1102,40부1102,40부1102,40부1102,40부1102,40부1102,40부1102,40부1102,40부1102,40부1102,40부1102,40부1102,40부1102,40부1102,40부1102,40부1102,40부1102,40부1102,40부1102,40부1102,40부1102,40부1102,40부1102,40부1102,40부1102,40부1102,40부1102,40부1102,40부1102,40부1102,40부1102,40부1102,40부1102,40부1102,40부1102,40부1102,40부1102,40부1102,40부1102,40부1102,40부1102,40부1102
01부4156_8,43무1161,43무1161,43무1161,43무1161,43무1161,43무1161,43무1161,43무1161,43무1161,43무1161,43무1161,43무1161,43무1161,43무1161,43무1161,43무1161,43무1161,43무1161,43무1161,43무1161,43무1161,43무1161,43무1161,43무1161,43무1161,43무1161,43무1161,43무1161,43무1161,43무1161,43무1161,43무1161,43무1161,43무1161,43무1161,43무1161,43무1161,43무1161,43무1161,43무1161,43무1161,43무1161,43무1161,43무1161,43무1161,43무1161,43무1161,43무1161,43무1161,43무1161
01부4156_9,401183,401183,401183,401183,401183,401183,401183,401183,401183,401183,401183,401183,401183,401183,401183,401183,401183,401183,401183,401183,401183,401183,401183,401183,401183,401183,401183,401183,401183,401183,401183,401183,401183,401183,401183,401183,401183,401183,401183,401183,401183,401183,401183,401183,401183,401183,401183,401183,401183,401183
01부4159,01부4150,01부4150,01부4150,01부4150,01부4150,01부4150,01부4150,01부4150,01부4150,01부4150,01부4150,01부4150,01부4150,01부4150,01부4150,01부4150,01부4150,01부4150,01부4150,01부4150,01부4150,01부4150,01부4150,01부4150,01부4150,01부4150,01부4150,01부4150,01부4150,01부4150,01부4150,01부4150,01부4150,01부4150,01부4150,01부4150,01부4150,01부4150,01부4150,01부4150,01부4150,01부4150,01부4150,01부4150,01부4150,01부4150,01부4150,01부4150,01부4150,01부4150
01부4159_2,40조1108,40조1108,40조1108,40조1108,40조1108,40조1108,40조1108,40조1108,40조1108,40조1108,40조1108,40조1108,40조1108,40조1108,40조1108,40조1108,40조1108,40조1108,40조1108,40조1108,40조1108,40조1108,40조1108,40조1108,40조1108,40조1108,40조1108,40조1108,40조1108,40조1108,40조1108,40조1108,40조1108,40조1108,40조1108,40조1108,40조1108,40조1108,40조1108,40조1108,40조1108,40조1108,40조1108,40조1108,40조1108,40조1108,40조1108,40조1108,40조1108,40조1108
01부4186,01부4180,01부4180,01부4180,01부4180,01부4180,01부4180,01부4180,01부4180,01부4180,01부4180,01부4180,01부4180,01부4180,01부4180,01부4180,01부4180,01부4180,01부4180,01부4180,01부4180,01부4180,01부4180,01부4180,01부4180,01부4180,01부4180,01부4180,01부4180,01부4180,01부4180,01부4180,01부4180,01부4180,01부4180,01부4180,01부4180,01부4180,01부4180,01부4180,01부4180,01부4180,01부4180,01부4180,01부4180,01부4180,01부4180,01부4180,01부4180,01부4180,01부4180
01부4241,38668,38668,38668,38668,38668,38668,38668,38668,38668,38668,38668,38668,38668,38668,38668,38668,38668,38668,38668,38668,38668,38668,38668,38668,38668,38668,38668,38668,38668,38668,38668,38668,38668,38668,38668,38668,38668,38668,38668,38668,38668,38668,38668,38668,38668,38668,38668,38668,38668,38668
01어2596,01어2596,01어2596,01어2596,01어2596,01어2596,01어2596,01어2596,01어2596,01어2596,01어2596,01어2596,01어2596,01어2596,01어2596,01어2596,01어2596,01어2596,01어2596,01어2596,01어2596,01어2596,01어2596,01어2596,01어2596,01어2596,01어2596,01어2596,01어2596,01어2596,01어2596,01어2596,01어2596,01어2596,01어2596,01어2596,01어2596,01어2596,01어2596,01어2596,01어2596,01어2596,01어2596,01어2596,01어2596,01어2596,01어2596,01어2596,01어2596,01어2596,01어2596
01어2745,85거1108,85거1108,85거1108,85거1108,85거1108,85거1108,85거1108,85거1108,85거1108,85거1108,85거1108,85거1108,85거1108,85거1108,85거1108,85거1108,85거1108,85거1108,85거1108,85거1108,85거1108,85거1108,85거1108,85거1108,85거1108,85거1108,85거1108,85거1108,85거1108,85거1108,85거1108,85거1108,85거1108,85거1108,85거1108,85거1108,85거1108,85거1108,85거1108,85거1108,85거1108,85거1108,85거1108,85거1108,85거1108,85거1108,85거1108,85거1108,85거1108,85거1108
01어2905,01어2905,01어2905,01어2905,01어2905,01어2905,01어2905,01어2905,01어2905,01어2905,01어2905,01어2905,01어2905,01어2905,01어2905,01어2905,01어2905,01어2905,01어2905,01어2905,01어2905,01어2905,01어2905,01어2905,01어2905,01어2905,01어2905,01어2905,01어2905,01어2905,01어2905,01어2905,01어2905,01어2905,01어2905,01어2905,01어2905,01어2905,01어2905,01어2905,01어2905,01어2905,01어2905,01어2905,01어2905,01어2905,01어2905,01어2905,01어2905,01어2905,01어2905
01어2953,23가1108,23가1108,23가1108,23가1108,23가1108,23가1108,23가1108,23가1108,23가1108,23가1108,23가1108,23가1108,23가1108,23가1108,23가1108,23가1108,23가1108,23가1108,23가1108,23가1108,23가1108,23가1108,23가1108,23가1108,23가1108,23가1108,23가1108,23가1108,23가1108,23가1108,23가1108,23가1108,23가1108,23가1108,23가1108,23가1108,23가1108,23가1108,23가1108,23가1108,23가1108,23가1108,23가1108,23가1108,23가1108,23가1108,23가1108,23가1108,23가1108,23가1108
01어2996,85가2188,85가2188,85가2188,85가2188,85가2188,85가2188,85가2188,85가2188,85가2188,85가2188,85가2188,85가2188,85가2188,85가2188,85가2188,85가2188,85가2188,85가2188,85가2188,85가2188,85가2188,85가2188,85가2188,85가2188,85가2188,85가2188,85가2188,85가2188,85가2188,85가2188,85가2188,85가2188,85가2188,85가2188,85가2188,85가2188,85가2188,85가2188,85가2188,85가2188,85가2188,85가2188,85가2188,85가2188,85가2188,85가2188,85가2188,85가2188,85가2188,85가2188
01어7865,46저1158,46저1158,46저1158,46저1158,46저1158,46저1158,46저1158,46저1158,46저1158,46저1158,46저1158,46저1158,46저1158,46저1158,46저1158,46저1158,46저1158,46저1158,46저1158,46저1158,46저1158,46저1158,46저1158,46저1158,46저1158,46저1158,46저1158,46저1158,46저1158,46저1158,46저1158,46저1158,46저1158,46저1158,46저1158,46저1158,46저1158,46저1158,46저1158,46저1158,46저1158,46저1158,46저1158,46저1158,46저1158,46저1158,46저1158,46저1158,46저1158,46저1158
01어7865_2,,,,,,,,,,,,,,,,,,,,,,,,,,,,,,,,,,,,,,,,,,,,,,,,,,
01어8402,01어8402,01어8402,01어8402,01어8402,01어8402,01어8402,01어8402,01어8402,01어8402,01어8402,01어8402,01어8402,01어8402,01어8402,01어8402,01어8402,01어8402,01어8402,01어8402,01어8402,01어8402,01어8402,01어8402,01어8402,01어8402,01어8402,01어8402,01어8402,01어8402,01어8402,01어8402,01어8402,01어8402,01어8402,01어8402,01어8402,01어8402,01어8402,01어8402,01어8402,01어8402,01어8402,01어8402,01어8402,01어8402,01어8402,01어8402,01어8402,01어8402,01어8402
01어8471,36162,36162,36162,36162,36162,36162,36162,36162,36162,36162,36162,36162,36162,36162,36162,36162,36162,36162,36162,36162,36162,36162,36162,36162,36162,36162,36162,36162,36162,36162,36162,36162,36162,36162,36162,36162,36162,36162,36162,36162,36162,36162,36162,36162,36162,36162,36162,36162,36162,36162
137로2805,40무1668,40무1668,40무1668,40무1668,40무1668,40무1668,40무1668,40무1668,40무1668,40무1668,40무1668,40무1668,40무1668,40무1668,40무1668,40무1668,40무1668,40무1668,40무1668,40무1668,40무1668,40무1668,40무1668,40무1668,40무1668,40무1668,40무1668,40무1668,40무1668,40무1668,40무1668,40무1668,40무1668,40무1668,40무1668,40무1668,40무1668,40무1668,40무1668,40무1668,40무1668,40무1668,40무1668,40무1668,40무1668,40무1668,40무1668,40무1668,40무1668,40무1668
13서4854_1,38141,38141,38141,38141,38141,38141,38141,38141,38141,38141,38141,38141,38141,38141,38141,38141,38141,38141,38141,38141,38141,38141,38141,38141,38141,38141,38141,38141,38141,38141,38141,38141,38141,38141,38141,38141,38141,38141,38141,38141,38141,38141,38141,38141,38141,38141,38141,38141,38141,38141
13서4854_2,164145,164145,164145,164145,164145,164145,164145,164145,164145,164145,164145,164145,164145,164145,164145,164145,164145,164145,164145,164145,164145,164145,164145,164145,164145,164145,164145,164145,164145,164145,164145,164145,164145,164145,164145,164145,164145,164145,164145,164145,164145,164145,164145,164145,164145,164145,164145,164145,164145,164145
152가3108,45161,45161,45161,45161,45161,45161,45161,45161,45161,45161,45161,45161,45161,45161,45161,45161,45161,45161,45161,45161,45161,45161,45161,45161,45161,45161,45161,45161,45161,45161,45161,45161,45161,45161,45161,45161,45161,45161,45161,45161,45161,45161,45161,45161,45161,45161,45161,45161,45161,45161
169호2218,경6999,경6999,경6999,경6999,경6999,경6999,경6999,경6999,경6999,경6999,경6999,경6999,경6999,경6999,경6999,경6999,경6999,경6999,경6999,경6999,경6999,경6999,경6999,경6999,경6999,경6999,경6999,경6999,경6999,경6999,경6999,경6999,경6999,경6999,경6999,경6999,경6999,경6999,경6999,경6999,경6999,경6999,경6999,경6999,경6999,경6999,경6999,경6999,경6999,경6999
18하0273,40다188,40다188,40다188,40다188,40다188,40다188,40다188,40다188,40다188,40다188,40다188,40다188,40다188,40다188,40다188,40다188,40다188,40다188,40다188,40다188,40다188,40다188,40다188,40다188,40다188,40다188,40다188,40다188,40다188,40다188,40다188,40다188,40다188,40다188,40다188,40다188,40다188,40다188,40다188,40다188,40다188,40다188,40다188,40다188,40다188,40다188,40다188,40다188,40다188,40다188
196하7016,26102,26102,26102,26102,26102,26102,26102,26102,26102,26102,26102,26102,26102,26102,26102,26102,26102,26102,26102,26102,26102,26102,26102,26102,26102,26102,26102,26102,26102,26102,26102,26102,26102,26102,26102,26102,26102,26102,26102,26102,26102,26102,26102,26102,26102,26102,26102,26102,26102,26102
21오3285,21오3205,21오3205,21오3205,21오3205,21오3205,21오3205,21오3205,21오3205,21오3205,21오3205,21오3205,21오3205,21오3205,21오3205,21오3205,21오3205,21오3205,21오3205,21오3205,21오3205,21오3205,21오3205,21오3205,21오3205,21오3205,21오3205,21오3205,21오3205,21오3205,21오3205,21오3205,21오3205,21오3205,21오3205,21오3205,21오3205,21오3205,21오3205,21오3205,21오3205,21오3205,21오3205,21오3205,21오3205,21오3205,21오3205,21오3205,21오3205,21오3205,21오3205
292버2818,19어1828,19어1828,19어1828,19어1828,19어1828,19어1828,19어1828,19어1828,19어1828,19어1828,19어1828,19어1828,19어1828,19어1828,19어1828,19어1828,19어1828,19어1828,19어1828,19어1828,19어1828,19어1828,19어1828,19어1828,19어1828,19어1828,19어1828,19어1828,19어1828,19어1828,19어1828,19어1828,19어1828,19어1828,19어1828,19어1828,19어1828,19어1828,19어1828,19어1828,19어1828,19어1828,19어1828,19어1828,19어1828,19어1828,19어1828,19어1828,19어1828,19어1828
30가8287,023868,023868,023868,023868,023868,023868,023868,023868,023868,023868,023868,023868,023868,023868,023868,023868,023868,023868,023868,023868,023868,023868,023868,023868,023868,023868,023868,023868,023868,023868,023868,023868,023868,023868,023868,023868,023868,023868,023868,023868,023868,023868,023868,023868,023868,023868,023868,023868,023868,023868
356거1523,경기9888,경기9888,경기9888,경기9888,경기9888,경기9888,경기9888,경기9888,경기9888,경기9888,경기9888,경기9888,경기9888,경기9888,경기9888,경기9888,경기9888,경기9888,경기9888,경기9888,경기9888,경기9888,경기9888,경기9888,경기9888,경기9888,경기9888,경기9888,경기9888,경기9888,경기9888,경기9888,경기9888,경기9888,경기9888,경기9888,경기9888,경기9888,경기9888,경기9888,경기9888,경기9888,경기9888,경기9888,경기9888,경기9888,경기9888,경기9888,경기9888,경기9888
36오6703,36오6703,36오6703,36오6703,36오6703,36오6703,36오6703,36오6703,36오6703,36오6703,36오6703,36오6703,36오6703,36오6703,36오6703,36오6703,36오6703,36오6703,36오6703,36오6703,36오6703,36오6703,36오6703,36오6703,36오6703,36오6703,36오6703,36오6703,36오6703,36오6703,36오6703,36오6703,36오6703,36오6703,36오6703,36오6703,36오6703,36오6703,36오6703,36오6703,36오6703,36오6703,36오6703,36오6703,36오6703,36오6703,36오6703,36오6703,36오6703,36오6703,36오6703
390주1715,390주1757,390주1757,390주1757,390주1757,390주1757,390주1757,390주1757,390주1757,390주1757,390주1757,390주1757,390주1757,390주1757,390주1757,390주1757,390주1757,390주1757,390주1757,390주1757,390주1757,390주1757,390주1757,390주1757,390주1757,390주1757,390주1757,390주1757,390주1757,390주1757,390주1757,390주1757,390주1757,390주1757,390주1757,390주1757,390주1757,390주1757,390주1757,390주1757,390주1757,390주1757,390주1757,390주1757,390주1757,390주1757,390주1757,390주1757,390주1757,390주1757,390주1757
403주2975,403주2975,403주2975,403주2975,403주2975,403주2975,403주2975,403주2975,403주2975,403주2975,403주2975,403주2975,403주2975,403주2975,403주2975,403주2975,403주2975,403주2975,403주2975,403주2975,403주2975,403주2975,403주2975,403주2975,403주2975,403주2975,403주2975,403주2975,403주2975,403주2975,403주2975,403주2975,403주2975,403주2975,403주2975,403주2975,403주2975,403주2975,403주2975,403주2975,403주2975,403주2975,403주2975,403주2975,403주2975,403주2975,403주2975,403주2975,403주2975,403주2975,403주2975
43머4083,43머4083,43머4083,43머4083,43머4083,43머4083,43머4083,43머4083,43머4083,43머4083,43머4083,43머4083,43머4083,43머4083,43머4083,43머4083,43머4083,43머4083,43머4083,43머4083,43머4083,43머4083,43머4083,43머4083,43머4083,43머4083,43머4083,43머4083,43머4083,43머4083,43머4083,43머4083,43머4083,43머4083,43머4083,43머4083,43머4083,43머4083,43머4083,43머4083,43머4083,43머4083,43머4083,43머4083,43머4083,43머4083,43머4083,43머4083,43머4083,43머4083,43머4083
48노0756,20조168,20조168,20조168,20조168,20조168,20조168,20조168,20조168,20조168,20조168,20조168,20조168,20조168,20조168,20조168,20조168,20조168,20조168,20조168,20조168,20조168,20조168,20조168,20조168,20조168,20조168,20조168,20조168,20조168,20조168,20조168,20조168,20조168,20조168,20조168,20조168,20조168,20조168,20조168,20조168,20조168,20조168,20조168,20조168,20조168,20조168,20조168,20조168,20조168,20조168
53주5065,87오5660,87오5660,87오5660,87오5660,87오5660,87오5660,87오5660,87오5660,87오5660,87오5660,87오5660,87오5660,87오5660,87오5660,87오5660,87오5660,87오5660,87오5660,87오5660,87오5660,87오5660,87오5660,87오5660,87오5660,87오5660,87오5660,87오5660,87오5660,87오5660,87오5660,87오5660,87오5660,87오5660,87오5660,87오5660,87오5660,87오5660,87오5660,87오5660,87오5660,87오5660,87오5660,87오5660,87오5660,87오5660,87오5660,87오5660,87오5660,87오5660,87오5660
67버9669,47노9961,47노9961,47노9961,47노9961,47노9961,47노9961,47노9961,47노9961,47노9961,47노9961,47노9961,47노9961,47노9961,47노9961,47노9961,47노9961,47노9961,47노9961,47노9961,47노9961,47노9961,47노9961,47노9961,47노9961,47노9961,47노9961,47노9961,47노9961,47노9961,47노9961,47노9961,47노9961,47노9961,47노9961,47노9961,47노9961,47노9961,47노9961,47노9961,47노9961,47노9961,47노9961,47노9961,47노9961,47노9961,47노9961,47노9961,47노9961,47노9961,47노9961
90어6337,36102,36102,36102,36102,36102,36102,36102,36102,36102,36102,36102,36102,36102,36102,36102,36102,36102,36102,36102,36102,36102,36102,36102,36102,36102,36102,36102,36102,36102,36102,36102,36102,36102,36102,36102,36102,36102,36102,36102,36102,36102,36102,36102,36102,36102,36102,36102,36102,36102,36102
정답률,7.59%,7.59%,7.59%,7.59%,7.59%,7.59%,7.59%,7.59%,7.59%,7.59%,7.59%,7.59%,7.59%,7.59%,7.59%,7.59%,7.59%,7.59%,7.59%,7.59%,7.59%,7.59%,7.59%,7.59%,7.59%,7.59%,7.59%,7.59%,7.59%,7.59%,7.59%,7.59%,7.59%,7.59%,7.59%,7.59%,7.59%,7.59%,7.59%,7.59%,7.59%,7.59%,7.59%,7.59%,7.59%,7.59%,7.59%,7.59%,7.59%,7.59%
